{"content":[{"id":"157e793d","settings":{"background_image":{"url":"","id":""},"background_image_tablet":{"url":"","id":""},"background_image_mobile":{"url":"","id":""},"background_video_fallback":{"url":"","id":""},"background_slideshow_gallery":[],"background_hover_image":{"url":"","id":""},"background_hover_image_tablet":{"url":"","id":""},"background_hover_image_mobile":{"url":"","id":""},"background_hover_video_fallback":{"url":"","id":""},"background_hover_slideshow_gallery":[],"background_overlay_image":{"url":"","id":""},"background_overlay_image_tablet":{"url":"","id":""},"background_overlay_image_mobile":{"url":"","id":""},"background_overlay_video_fallback":{"url":"","id":""},"background_overlay_slideshow_gallery":[],"background_overlay_hover_image":{"url":"","id":""},"background_overlay_hover_image_tablet":{"url":"","id":""},"background_overlay_hover_image_mobile":{"url":"","id":""},"background_overlay_hover_video_fallback":{"url":"","id":""},"background_overlay_hover_slideshow_gallery":[]},"elements":[{"id":"41fc8edd","settings":{"_column_size":100,"_inline_size":null,"background_image":{"url":"","id":""},"background_image_tablet":{"url":"","id":""},"background_image_mobile":{"url":"","id":""},"background_video_fallback":{"url":"","id":""},"background_slideshow_gallery":[],"background_hover_image":{"url":"","id":""},"background_hover_image_tablet":{"url":"","id":""},"background_hover_image_mobile":{"url":"","id":""},"background_hover_video_fallback":{"url":"","id":""},"background_hover_slideshow_gallery":[],"background_overlay_image":{"url":"","id":""},"background_overlay_image_tablet":{"url":"","id":""},"background_overlay_image_mobile":{"url":"","id":""},"background_overlay_video_fallback":{"url":"","id":""},"background_overlay_slideshow_gallery":[],"background_overlay_hover_image":{"url":"","id":""},"background_overlay_hover_image_tablet":{"url":"","id":""},"background_overlay_hover_image_mobile":{"url":"","id":""},"background_overlay_hover_video_fallback":{"url":"","id":""},"background_overlay_hover_slideshow_gallery":[]},"elements":[{"id":"300275a1","settings":{"html":"<h2>1. Termos<\/h2>            <p>Ao acessar ao site <a href='#'>Protocolo Zero Barriga<\/a>, concorda em cumprir estes termos de servi\u00e7o, todas as leis e regulamentos aplic\u00e1veis \u200b\u200be concorda que \u00e9 respons\u00e1vel pelo cumprimento de todas as leis locais aplic\u00e1veis. Se voc\u00ea n\u00e3o concordar com algum                desses termos, est\u00e1 proibido de usar ou acessar este site. Os materiais contidos neste site s\u00e3o protegidos pelas leis de direitos autorais e marcas comerciais aplic\u00e1veis.<\/p>            <h2>2. Uso de Licen\u00e7a<\/h2>            <p>\u00c9 concedida permiss\u00e3o para baixar temporariamente uma c\u00f3pia dos materiais (informa\u00e7\u00f5es ou software) no site Protocolo Zero Barriga , apenas para visualiza\u00e7\u00e3o transit\u00f3ria pessoal e n\u00e3o comercial. Esta \u00e9 a concess\u00e3o de uma licen\u00e7a, n\u00e3o uma transfer\u00eancia de t\u00edtulo e,                sob esta licen\u00e7a, voc\u00ea n\u00e3o pode:\u00a0<\/p>            <ol>            <li>modificar ou copiar os materiais;\u00a0 <\/li>            <li>usar os materiais para qualquer finalidade comercial ou para exibi\u00e7\u00e3o p\u00fablica (comercial ou n\u00e3o comercial);\u00a0 <\/li>            <li>tentar descompilar ou fazer engenharia reversa de qualquer software contido no site Protocolo Zero Barriga;\u00a0 <\/li>            <li>remover quaisquer direitos autorais ou outras nota\u00e7\u00f5es de propriedade dos materiais; ou\u00a0 <\/li>            <li>transferir os materiais para outra pessoa ou 'espelhe' os materiais em qualquer outro servidor.<\/li>            <\/ol>            <p>Esta licen\u00e7a ser\u00e1 automaticamente rescindida se voc\u00ea violar alguma dessas restri\u00e7\u00f5es e poder\u00e1 ser rescindida por Protocolo Zero Barriga a qualquer momento. Ao encerrar a visualiza\u00e7\u00e3o desses materiais ou ap\u00f3s o t\u00e9rmino desta licen\u00e7a, voc\u00ea deve apagar todos os materiais                baixados em sua posse, seja em formato eletr\u00f3nico ou impresso.<\/p>            <h2>3. Isen\u00e7\u00e3o de responsabilidade<\/h2>            <ol>            <li>Os materiais no site da Protocolo Zero Barriga s\u00e3o fornecidos 'como est\u00e3o'. Protocolo Zero Barriga n\u00e3o oferece garantias, expressas ou impl\u00edcitas, e, por este meio, isenta e nega todas as outras garantias, incluindo, sem limita\u00e7\u00e3o, garantias impl\u00edcitas ou condi\u00e7\u00f5es de comercializa\u00e7\u00e3o,            adequa\u00e7\u00e3o a um fim espec\u00edfico ou n\u00e3o viola\u00e7\u00e3o de propriedade intelectual ou outra viola\u00e7\u00e3o de direitos. <\/li>            <li>Al\u00e9m disso, o Protocolo Zero Barriga n\u00e3o garante ou faz qualquer representa\u00e7\u00e3o relativa \u00e0 precis\u00e3o, aos resultados prov\u00e1veis \u200b\u200bou \u00e0 confiabilidade do uso dos            materiais em seu site ou de outra forma relacionado a esses materiais ou em sites vinculados a este site.<\/li>            <\/ol>            <h2>4. Limita\u00e7\u00f5es<\/h2>            <p>Em nenhum caso o Protocolo Zero Barriga ou seus fornecedores ser\u00e3o respons\u00e1veis \u200b\u200bpor quaisquer danos (incluindo, sem limita\u00e7\u00e3o, danos por perda de dados ou lucro ou devido a interrup\u00e7\u00e3o dos neg\u00f3cios) decorrentes do uso ou da incapacidade de usar os materiais em Protocolo Zero Barriga,                mesmo que Protocolo Zero Barriga ou um representante autorizado da Protocolo Zero Barriga tenha sido notificado oralmente ou por escrito da possibilidade de tais danos. Como algumas jurisdi\u00e7\u00f5es n\u00e3o permitem limita\u00e7\u00f5es em garantias impl\u00edcitas, ou limita\u00e7\u00f5es de responsabilidade                por danos conseq\u00fcentes ou incidentais, essas limita\u00e7\u00f5es podem n\u00e3o se aplicar a voc\u00ea.<\/p>            <h2>5. Precis\u00e3o dos materiais<\/h2>            <p>Os materiais exibidos no site da Protocolo Zero Barriga podem incluir erros t\u00e9cnicos, tipogr\u00e1ficos ou fotogr\u00e1ficos. Protocolo Zero Barriga n\u00e3o garante que qualquer material em seu site seja preciso, completo ou atual. Protocolo Zero Barriga pode fazer altera\u00e7\u00f5es nos materiais contidos em seu                site a qualquer momento, sem aviso pr\u00e9vio. No entanto, Protocolo Zero Barriga n\u00e3o se compromete a atualizar os materiais.<\/p>            <h2>6. Links<\/h2>            <p>O Protocolo Zero Barriga n\u00e3o analisou todos os sites vinculados ao seu site e n\u00e3o \u00e9 respons\u00e1vel pelo conte\u00fado de nenhum site vinculado. A inclus\u00e3o de qualquer link n\u00e3o implica endosso por Protocolo Zero Barriga do site. O uso de qualquer site vinculado \u00e9 por conta e risco do usu\u00e1rio.<\/p>            <\/p>            <h3>Modifica\u00e7\u00f5es<\/h3>            <p>O Protocolo Zero Barriga pode revisar estes termos de servi\u00e7o do site a qualquer momento, sem aviso pr\u00e9vio. Ao usar este site, voc\u00ea concorda em ficar vinculado \u00e0 vers\u00e3o atual desses termos de servi\u00e7o.<\/p>            <h3>Lei aplic\u00e1vel<\/h3>            <p>Estes termos e condi\u00e7\u00f5es s\u00e3o regidos e interpretados de acordo com as leis do Protocolo Zero Barriga e voc\u00ea se submete irrevogavelmente \u00e0 jurisdi\u00e7\u00e3o exclusiva dos tribunais naquele estado ou localidade.<\/p>","_background_image":{"url":"","id":""},"_background_image_tablet":{"url":"","id":""},"_background_image_mobile":{"url":"","id":""},"_background_video_fallback":{"url":"","id":""},"_background_slideshow_gallery":[],"_background_hover_image":{"url":"","id":""},"_background_hover_image_tablet":{"url":"","id":""},"_background_hover_image_mobile":{"url":"","id":""},"_background_hover_video_fallback":{"url":"","id":""},"_background_hover_slideshow_gallery":[]},"elements":[],"isInner":false,"widgetType":"html","elType":"widget"}],"isInner":false,"elType":"column"}],"isInner":false,"elType":"section"}],"page_settings":[],"version":"0.4","title":"[PLR-MILION\u00c1RIO][TU]","type":"page"}